40	0.97	EMP65686.1	 ATP-dependent RNA helicase [Streptococcus mutans KK23] 	39.03136
40	0.96	EMP66297.1	 putative DinF, damage-inducible protein [Streptococcus mutans KK23] 	39.04194
40	0.93	EMP61996.1	 aspartate kinase [Streptococcus mutans KK23] 	39.07196
40	0.89	EMP66303.1	 branched-chain alpha-keto acid dehydrogenase subunit E2 [Streptococcus mutans KK23] 	39.10519
40	0.86	EMP61984.1	 acetyl-CoA carboxylase biotin carboxylase subunit [Streptococcus mutans KK23] 	39.14042
40	0.81	EMP62096.1	 F0F1 ATP synthase subunit beta [Streptococcus mutans KK23] 	39.18668
40	0.81	BAH88515.1	 putative RNA-binding Sun protein [Streptococcus mutans NN2025] 	39.19452
40	0.80	EMP62461.1	 glucose-6-phosphate isomerase [Streptococcus mutans KK23] 	39.20489
40	0.78	EMP64146.1	 cell wall-associated protein WapA [Streptococcus mutans KK23] 	39.22435
40	0.77	EMP62561.1	 putative histidine kinase sensor [Streptococcus mutans KK23] 	39.23312
40	0.74	EMP61070.1	 putative PTS system fructose-specific IIBC component [Streptococcus mutans 5DC8] 	39.25557
40	0.73	EMP62450.1	 putative UDP-N-acetylmuramyl tripeptide synthetase MurC [Streptococcus mutans KK23] 	39.26551
40	0.69	EMP59663.1	 putative peptidase [Streptococcus mutans KK23] 	39.30797
40	0.66	EMP61849.1	 1,2-diacylglycerol 3-glucosyltransferase [Streptococcus mutans KK23] 	39.34345
40	0.63	EMP65783.1	 glutamine synthetase [Streptococcus mutans KK23] 	39.36883
40	0.63	EMP63955.1	 putative manganese transporter [Streptococcus mutans KK23] 	39.3728
40	0.62	BAH88245.1	 putative RNA methyltransferase [Streptococcus mutans NN2025] 	39.37625
40	0.61	BAH87895.1	 sodium/alanine symporter [Streptococcus mutans NN2025] 	39.38806
40	0.60	EMP65239.1	 UDP-N-acetylmuramoyl-L-alanyl-D-glutamate synthetase [Streptococcus mutans KK23] 	39.40221
40	0.54	EMP61945.1	 putative hemolysin [Streptococcus mutans KK23] 	39.46126
40	0.45	EMP61958.1	 potassium transporter peripheral membrane component [Streptococcus mutans KK23] 	39.54501
40	0.43	EMP65785.1	 glutamate synthase subunit beta [Streptococcus mutans KK23] 	39.5675
40	0.28	EMP59834.1	 PTS system cellobiose-specific transporter subunit IIC [Streptococcus mutans 5DC8] 	39.72012
40	0.26	EMP66330.1	 cysteinyl-tRNA ligase [Streptococcus mutans KK23] 	39.73541
40	0.21	BAH88873.1	 putative MDR permease [Streptococcus mutans NN2025] 	39.79125
40	0.20	EMP62408.1	 isopropylmalate isomerase large subunit [Streptococcus mutans KK23] 	39.79615
40	0.18	EMP63249.1	 oxaloacetate decarboxylase [Streptococcus mutans KK23] 	39.81732
40	0.18	BAH87694.1	 putative glycosyltransferase [Streptococcus mutans NN2025] 	39.81871
40	0.14	EMP62085.1	 putative histidine kinase [Streptococcus mutans KK23] 	39.86365
41	0.98	EMP61941.1	 integral membrane protein [Streptococcus mutans KK23] 	40.02074
40	0.02	EMP61941.1	 integral membrane protein [Streptococcus mutans KK23] 	40.02074
41	0.95	EMP62386.1	 asparaginyl-tRNA ligase [Streptococcus mutans KK23] 	40.04595
40	0.05	EMP62386.1	 asparaginyl-tRNA ligase [Streptococcus mutans KK23] 	40.04595
41	0.95	EMP65225.1	 anthranilate synthase component I [Streptococcus mutans KK23] 	40.04886
40	0.05	EMP65225.1	 anthranilate synthase component I [Streptococcus mutans KK23] 	40.04886
41	0.93	EMP64116.1	 amino acid permease [Streptococcus mutans KK23] 	40.07153
40	0.07	EMP64116.1	 amino acid permease [Streptococcus mutans KK23] 	40.07153
41	0.93	EMP62550.1	 H2O-forming NADH oxidase [Streptococcus mutans KK23] 	40.07244
40	0.07	EMP62550.1	 H2O-forming NADH oxidase [Streptococcus mutans KK23] 	40.07244
41	0.83	EMP63886.1	 NADP-dependent glyceraldehyde-3-phosphate dehydrogenase [Streptococcus mutans KK23] 	40.16797
40	0.17	EMP63886.1	 NADP-dependent glyceraldehyde-3-phosphate dehydrogenase [Streptococcus mutans KK23] 	40.16797
41	0.68	EMP64118.1	 transcriptional regulator/aminotransferase [Streptococcus mutans KK23] 	40.31702
40	0.32	EMP64118.1	 transcriptional regulator/aminotransferase [Streptococcus mutans KK23] 	40.31702
41	0.62	BAH87418.1	 putative UDP-N-acetyl muramate-alanine ligase [Streptococcus mutans NN2025] 	40.37988
40	0.38	BAH87418.1	 putative UDP-N-acetyl muramate-alanine ligase [Streptococcus mutans NN2025] 	40.37988
41	0.62	EMP60014.1	 peptidase AtmC [Streptococcus mutans KK23] 	40.38006
40	0.38	EMP60014.1	 peptidase AtmC [Streptococcus mutans KK23] 	40.38006
41	0.56	EMP65167.1	 aminopeptidase C [Streptococcus mutans KK23] 	40.43996
40	0.44	EMP65167.1	 aminopeptidase C [Streptococcus mutans KK23] 	40.43996
41	0.52	EMP65644.1	 permease [Streptococcus mutans KK23] 	40.47511
40	0.48	EMP65644.1	 permease [Streptococcus mutans KK23] 	40.47511
41	0.51	EMP61177.1	 putative amino acid antiporter [Streptococcus mutans 5DC8] 	40.49119
40	0.49	EMP61177.1	 putative amino acid antiporter [Streptococcus mutans 5DC8] 	40.49119
41	0.39	BAH87506.1	 putative UDP-N-acetylglucosamine pyrophosphorylase [Streptococcus mutans NN2025] 	40.60634
40	0.61	BAH87506.1	 putative UDP-N-acetylglucosamine pyrophosphorylase [Streptococcus mutans NN2025] 	40.60634
41	0.33	EMP60035.1	 two component system histidine kinase [Streptococcus mutans KK23] 	40.67353
40	0.67	EMP60035.1	 two component system histidine kinase [Streptococcus mutans KK23] 	40.67353
41	0.33	EMP59642.1	 putative succinate-semialdehyde dehydrogenase [Streptococcus mutans KK23] 	40.67443
40	0.67	EMP59642.1	 putative succinate-semialdehyde dehydrogenase [Streptococcus mutans KK23] 	40.67443
41	0.32	EMP64842.1	 UDP-N-acetylmuramoylalanyl-D-glutamyl-2,6- diaminopimelate-D-alanyl-D-alanyl ligase pentapeptide synthase [Streptococcus mutans KK23] 	40.68448
40	0.68	EMP64842.1	 UDP-N-acetylmuramoylalanyl-D-glutamyl-2,6- diaminopimelate-D-alanyl-D-alanyl ligase pentapeptide synthase [Streptococcus mutans KK23] 	40.68448
41	0.29	EMP59666.1	 inosine 5'-monophosphate dehydrogenase [Streptococcus mutans KK23] 	40.7133
40	0.71	EMP59666.1	 inosine 5'-monophosphate dehydrogenase [Streptococcus mutans KK23] 	40.7133
41	0.28	EMP63936.1	 drug-export protein, multidrug resistance protein [Streptococcus mutans KK23] 	40.71773
40	0.72	EMP63936.1	 drug-export protein, multidrug resistance protein [Streptococcus mutans KK23] 	40.71773
41	0.25	BAH87220.1	 putative sugar-binding periplasmic protein [Streptococcus mutans NN2025] 	40.75172
40	0.75	BAH87220.1	 putative sugar-binding periplasmic protein [Streptococcus mutans NN2025] 	40.75172
41	0.23	EMP66307.1	 MDR permease [Streptococcus mutans KK23] 	40.77111
40	0.77	EMP66307.1	 MDR permease [Streptococcus mutans KK23] 	40.77111
41	0.23	EMP66231.1	 amidophosphoribosyltransferase [Streptococcus mutans KK23] 	40.77316
40	0.77	EMP66231.1	 amidophosphoribosyltransferase [Streptococcus mutans KK23] 	40.77316
41	0.21	EMP62577.1	 histidine kinase [Streptococcus mutans KK23] 	40.79206
40	0.79	EMP62577.1	 histidine kinase [Streptococcus mutans KK23] 	40.79206
41	0.20	BAH87384.1	 putative RNA methyltransferase [Streptococcus mutans NN2025] 	40.79834
40	0.80	BAH87384.1	 putative RNA methyltransferase [Streptococcus mutans NN2025] 	40.79834
41	0.13	EMP59662.1	 peptidase [Streptococcus mutans KK23] 	40.86876
40	0.87	EMP59662.1	 peptidase [Streptococcus mutans KK23] 	40.86876
41	0.09	EMP65725.1	 amidase [Streptococcus mutans KK23] 	40.91121
40	0.91	EMP65725.1	 amidase [Streptococcus mutans KK23] 	40.91121
41	0.06	EMP65133.1	 FeS assembly protein SufB [Streptococcus mutans KK23] 	40.94282
40	0.94	EMP65133.1	 FeS assembly protein SufB [Streptococcus mutans KK23] 	40.94282
41	0.02	EMP63240.1	 putative Mg2+/citrate transporter [Streptococcus mutans KK23] 	40.98193
40	0.98	EMP63240.1	 putative Mg2+/citrate transporter [Streptococcus mutans KK23] 	40.98193
41	0.00	EMP66579.1	 chromosomal replication initiation protein [Streptococcus mutans KK23] 	41.0025
41	0.07	EMP59991.1	 histidine kinase of the competence regulon, ComD [Streptococcus mutans KK23] 	41.06668
41	0.11	EMP65870.1	 argininosuccinate lyase [Streptococcus mutans KK23] 	41.107
41	0.20	EMP63972.1	 putative transcriptional regulator [Streptococcus mutans KK23] 	41.19956
41	0.24	BAH88357.1	 putative histidine kinase [Streptococcus mutans NN2025] 	41.23561
41	0.29	EMP66592.1	 putative amino acid permease [Streptococcus mutans KK23] 	41.28958
41	0.31	EMP65123.1	 dipeptidase [Streptococcus mutans KK23] 	41.30849
41	0.33	EMP64301.1	 GntR family transcriptional regulator [Streptococcus mutans KK23] 	41.32895
41	0.34	EMP60628.1	 hemerythrin HHE cation binding domain subfamily, putative [Streptococcus mutans 5DC8] 	41.34224
41	0.40	EMP60707.1	 dipeptidase PepV [Streptococcus mutans 5DC8] 	41.39738
41	0.43	EMP64320.1	 histidine kinase SpaK [Streptococcus mutans KK23] 	41.42595
41	0.48	EMP62067.1	 putative PTS family fructose/mannitol porter component IIC [Streptococcus mutans KK23] 	41.48204
41	0.59	EMP62059.1	 endonuclease [Streptococcus mutans KK23] 	41.58828
41	0.75	EMP60927.1	 histidine kinase, ScnK-like protein [Streptococcus mutans KK23] 	41.74742
41	0.78	EMP62098.1	 F0F1 ATP synthase subunit alpha [Streptococcus mutans KK23] 	41.77882
41	0.84	EMP62132.1	 maltose ABC transporter permease [Streptococcus mutans KK23] 	41.83961
41	0.89	BAH87703.1	 putative dihydrolipoamide dehydrogenase [Streptococcus mutans NN2025] 	41.8882
41	1.00	EMP62618.1	 pyruvate kinase [Streptococcus mutans KK23] 	41.99856
44	0.97	EMP61959.1	 putative potassium uptake protein TrkH [Streptococcus mutans KK23] 	43.02761
44	0.94	EMP64144.1	 beta-glucosidase [Streptococcus mutans KK23] 	43.05891
44	0.75	EMP62553.1	 ABC transporter ATP-binding protein [Streptococcus mutans KK23] 	43.24952
44	0.67	EMP66239.1	 site-specific DNA-methyltransferase restriction-modification protein [Streptococcus mutans KK23] 	43.3331
44	0.60	EMP64010.1	 glucosyltransferase [Streptococcus mutans KK23] 	43.40211
44	0.59	EMP61608.1	 cell division protein FtsY [Streptococcus mutans 5DC8] 	43.41167
44	0.56	EMP63247.1	 citrate lyase subunit alpha [Streptococcus mutans KK23] 	43.44404
44	0.52	EMP61930.1	 UDP-N-acetylmuramoylalanyl-D-glutamate--L-lysine ligase [Streptococcus mutans KK23] 	43.4823
44	0.52	EMP62104.1	 glycogen synthase [Streptococcus mutans KK23] 	43.48484
44	0.50	EMP62064.1	 6-phospho-beta-galactosidase [Streptococcus mutans KK23] 	43.4989
44	0.49	EMP63957.1	 lysyl-tRNA ligase [Streptococcus mutans KK23] 	43.51171
44	0.36	EMP61738.1	 galactose-1-phosphate uridylyltransferase [Streptococcus mutans 5DC8] 	43.63837
44	0.24	EMP65865.1	 glutamyl-tRNA ligase [Streptococcus mutans KK23] 	43.7611
44	0.15	EMP61682.1	 glycosyltransferase [Streptococcus mutans 5DC8] 	43.84512
44	0.14	EMP62537.1	 6-phospho-beta-glucosidase [Streptococcus mutans KK23] 	43.85777
44	0.03	EMP63274.1	 signal recognition particle protein [Streptococcus mutans KK23] 	43.96657
44	0.01	EMP59839.1	 6-phospho-beta-glucosidase [Streptococcus mutans 5DC8] 	44.0131
44	0.11	EMP60026.1	 chaperonin GroEL [Streptococcus mutans KK23] 	44.11219
44	0.28	EMP63952.1	 alkyl hydroperoxide reductase subunit F [Streptococcus mutans KK23] 	44.27579
44	0.41	EMP60499.1	 sucrose-6-phosphate hydrolase [Streptococcus mutans KK23] 	44.40698
44	0.50	BAH87058.1	 putative phosphoribosylaminoimidazolecarboxamide formyltransferase/IMP cyclohydrolase [Streptococcus mutans NN2025] 	44.50043
44	0.72	EMP62529.1	 cell wall protein, WapE [Streptococcus mutans KK23] 	44.72245
47	0.99	EMP63987.1	 ABC transporter ATP-binding protein [Streptococcus mutans KK23] 	46.0062
47	0.95	EMP64141.1	 protein BglB [Streptococcus mutans KK23] 	46.05295
47	0.90	BAH88159.1	 sucrose phosphorylase [Streptococcus mutans NN2025] 	46.10455
47	0.42	EMP61942.1	 D-alanine--poly(phosphoribitol) ligase subunit 1 [Streptococcus mutans KK23] 	46.58238
47	0.39	EMP66290.1	 CTP synthetase [Streptococcus mutans KK23] 	46.61257
47	0.33	EMP60764.1	 surface adhesin [Streptococcus mutans 5DC8] 	46.67342
47	0.02	EMP62511.1	 formate--tetrahydrofolate ligase [Streptococcus mutans KK23] 	47.01744
47	0.15	EMP66311.1	 malate dehydrogenase [Streptococcus mutans KK23] 	47.14935
47	0.35	EMP64147.1	 cardiolipin synthetase [Streptococcus mutans KK23] 	47.34655
47	0.43	EMP66269.1	 exo-beta-D-fructosidase [Streptococcus mutans KK23] 	47.42559
47	0.50	BAH87571.1	 putative 4-alpha-glucanotransferase [Streptococcus mutans NN2025] 	47.49853
47	0.53	BAH88400.1	 putative translation elongation/release factor [Streptococcus mutans NN2025] 	47.52828
47	0.62	EMP62022.1	 putative ribonuclease [Streptococcus mutans KK23] 	47.61685
47	0.68	AAC29038.1	 unknown [Streptococcus mutans] 	47.67886
47	0.93	EMP62414.1	 phosphoenolpyruvate carboxykinase (ATP) [Streptococcus mutans KK23] 	47.92873
52	0.80	EMP62593.1	 ABC transporter ATP-binding protein [Streptococcus mutans KK23] 	51.20002
52	0.77	EMP62516.1	 ABC transporter ATP-binding protein [Streptococcus mutans KK23] 	51.23074
52	0.47	EMP59621.1	 aspartyl-tRNA ligase [Streptococcus mutans KK23] 	51.52703
52	0.45	EMP62421.1	 Glucan-binding protein C [Streptococcus mutans KK23] 	51.55456
52	0.41	EMP60252.1	 transposon protein [Streptococcus mutans KK21] 	51.59408
52	0.40	EMP62517.1	 ABC transporter ATP-binding protein [Streptococcus mutans KK23] 	51.59901
52	0.40	EMP63276.1	 putative ABC transporter, proline/glycine betaine permease protein [Streptococcus mutans KK23] 	51.60153
52	0.27	BAH88472.1	 putative ABC transporter ATP-binding protein [Streptococcus mutans NN2025] 	51.72918
52	0.26	EMP62615.1	 glucosamine--fructose-6-phosphate aminotransferase [Streptococcus mutans KK23] 	51.73725
52	0.26	EMP59551.1	 permease [Streptococcus mutans KK23] 	51.73935
52	0.24	EMP64090.1	 ABC transporter ATP-binding protein [Streptococcus mutans KK23] 	51.76231
52	0.11	EMP65147.1	 septation ring formation regulator EzrA [Streptococcus mutans KK23] 	51.89128
52	0.09	EMP62501.1	 ABC-type multidrug/protein/lipid transport system, ATPase component [Streptococcus mutans KK23] 	51.90564
52	0.08	EMP62594.1	 ABC transporter ATP-binding protein [Streptococcus mutans KK23] 	51.91568
52	0.03	EMP66272.1	 molecular chaperone DnaK [Streptococcus mutans KK23] 	52.02883
52	0.19	EMP64089.1	 ABC transporter ATP-binding protein [Streptococcus mutans KK23] 	52.1859
52	0.20	EMP65631.1	 metyl transferase [Streptococcus mutans KK23] 	52.20161
52	0.26	EMP65219.1	 ABC transporter ATP-binding protein [Streptococcus mutans KK23] 	52.25951
52	0.32	EMP65237.1	 GTP-binding protein [Streptococcus mutans KK23] 	52.31899
52	0.45	EMP65182.1	 putative serine /threonine protein kinase [Streptococcus mutans KK23] 	52.45275
52	0.62	EMP57586.1	 ABC transporter ATP-binding protein [Streptococcus mutans KK23] 	52.61587
52	0.84	EMP65996.1	 permease [Streptococcus mutans KK23] 	52.84443
68	0.51	EMP65963.1	 putative ABC transporter, ATP-binding protein ComA [Streptococcus mutans KK23] 	67.48756
68	0.44	EMP61881.1	 cell division protein [Streptococcus mutans KK23] 	67.56169
68	0.29	EMP61859.1	 exoribonuclease R [Streptococcus mutans KK23] 	67.71354
68	0.27	EMP60523.1	 putative DNA mismatch repair protein [Streptococcus mutans KK23] 	67.72836
68	0.26	EMP62500.1	 excinuclease ABC subunit A [Streptococcus mutans KK23] 	67.73882
68	0.21	EMP65638.1	 pyruvate formate-lyase [Streptococcus mutans KK23] 	68.21276
68	0.40	EMP57598.1	 ABC transporter permease [Streptococcus mutans KK23] 	68.39831
68	0.60	EMP66350.1	 oxidoreductase [Streptococcus mutans KK23] 	68.59923
68	0.62	EMP62079.1	 phenylalanyl-tRNA ligase subunit beta [Streptococcus mutans KK23] 	68.61678
68	0.65	EMP59262.1	 ABC transporter ATP-binding protein [Streptococcus mutans KK21] 	68.64875
68	0.65	BAH87953.1	 DNA gyrase A subunit [Streptococcus mutans NN2025] 	68.65484
79	0.37	EMP60003.1	 ABC transporter permease [Streptococcus mutans KK23] 	78.62707
79	0.01	EMP59982.1	 Toll-interleukin receptor [Streptococcus mutans 5DC8] 	78.98518
79	0.39	EMP60507.1	 excinuclease ABC subunit A [Streptococcus mutans KK23] 	79.38932
79	0.55	EMP62127.1	 putative cation-transporting P-type ATPase PacL [Streptococcus mutans KK23] 	79.55484
79	0.62	EMP60952.1	 valyl-tRNA ligase [Streptococcus mutans KK23] 	79.62423
99	0.43	BAH87822.1	 putative type IIS restriction/modification enzyme [Streptococcus mutans NN2025] 	98.57229
105	0.07	BAH87825.1	 Superfamily II DNA/RNA helicases [Streptococcus mutans NN2025] 	104.93161
105	0.06	EMP66584.1	 transcription-repair coupling factor [Streptococcus mutans KK23] 	104.94028
