genes	219	220	1
genes	177	178	1
genes	96	97	1
genes	205	206	1
genes	7	8	1
genes	254	255	1
genes	74	75	1
genes	281	282	1
genes	277	278	1
genes	262	263	1
genes	40	41	1
genes	47	48	1
genes	41	42	1
genes	263	264	1
genes	14	15	1
genes	82	83	1
genes	285	286	1
genes	279	280	1
genes	214	215	1
genes	280	281	1
genes	283	284	1
genes	85	86	1
genes	169	170	1
genes	49	50	1
genes	123	124	1
genes	17	18	1
genes	162	163	1
genes	55	56	1
genes	335	336	1
genes	161	162	1
genes	151	152	1
genes	32	33	1
genes	159	160	1
genes	110	111	1
genes	58	59	1
genes	311	312	1
genes	215	216	1
genes	174	175	1
genes	291	292	1
genes	317	318	1
genes	260	261	1
genes	142	143	1
genes	106	107	1
genes	290	291	1
genes	198	199	1
genes	134	135	1
genes	68	69	1
genes	173	174	1
genes	313	314	1
genes	56	57	1
genes	176	177	1
genes	323	324	1
genes	208	209	1
genes	21	22	1
genes	143	144	1
genes	246	247	1
genes	236	237	1
genes	146	147	1
genes	147	148	1
genes	144	145	1
genes	149	150	1
genes	261	262	1
genes	113	114	1
genes	109	110	1
genes	273	274	1
genes	284	285	1
genes	249	250	1
genes	91	92	1
genes	178	179	1
genes	136	137	1
genes	16	17	1
genes	93	94	1
genes	36	37	1
genes	233	234	1
genes	235	236	1
genes	23	24	1
genes	120	121	1
genes	333	334	1
genes	124	125	1
genes	43	44	1
genes	39	40	1
genes	122	123	1
genes	288	289	1
genes	26	27	1
genes	334	335	1
genes	294	295	1
genes	22	23	1
genes	310	311	1
genes	309	310	1
genes	127	128	1
genes	80	81	1
genes	102	103	1
genes	257	258	1
genes	298	299	1
genes	266	267	1
genes	269	270	1
genes	293	294	1
genes	196	197	1
genes	247	248	1
genes	303	304	1
genes	37	38	1
genes	322	323	1
genes	245	246	1
genes	231	232	1
genes	92	93	1
genes	114	115	1
genes	318	319	1
genes	77	78	1
genes	258	259	1
genes	46	47	1
genes	218	219	1
genes	331	332	1
genes	2	3	1
genes	326	327	1
genes	197	198	1
genes	332	333	1
genes	61	62	1
genes	200	201	1
genes	227	228	1
genes	282	283	1
genes	225	226	1
genes	226	227	1
genes	186	187	1
genes	128	129	1
genes	165	166	1
genes	35	36	1
genes	4	5	1
genes	314	315	1
genes	272	273	1
genes	34	35	1
genes	166	167	1
genes	139	140	1
genes	30	31	1
genes	65	66	1
genes	5	6	1
genes	12	13	1
genes	88	89	1
genes	76	77	1
genes	267	268	1
genes	118	119	1
genes	154	155	1
genes	278	279	1
genes	320	321	1
genes	191	192	1
genes	195	196	1
genes	83	84	1
genes	194	195	1
genes	193	194	1
genes	192	193	1
genes	189	190	1
genes	301	302	1
genes	185	186	1
genes	187	188	1
genes	148	149	1
genes	86	87	1
genes	67	68	1
genes	216	217	1
genes	98	99	1
genes	138	139	1
genes	75	76	1
genes	70	71	1
genes	164	165	1
genes	286	287	1
genes	210	211	1
genes	243	244	1
genes	108	109	1
genes	184	185	1
genes	203	204	1
genes	48	49	1
genes	129	130	1
genes	324	325	1
genes	126	127	1
genes	221	222	1
genes	230	231	1
genes	308	309	1
genes	29	30	1
genes	163	164	1
genes	105	106	1
genes	287	288	1
genes	202	203	1
genes	125	126	1
genes	239	240	1
genes	11	12	1
genes	6	7	1
genes	69	70	1
genes	133	134	1
genes	259	260	1
genes	206	207	1
genes	182	183	1
genes	27	28	1
genes	107	108	1
genes	100	101	1
genes	296	297	1
genes	24	25	1
genes	224	225	1
genes	223	224	1
genes	222	223	1
genes	319	320	1
genes	201	202	1
genes	111	112	1
genes	321	322	1
genes	327	328	1
genes	73	74	1
genes	20	21	1
genes	234	235	1
genes	167	168	1
genes	71	72	1
genes	307	308	1
genes	145	146	1
genes	304	305	1
genes	52	53	1
genes	115	116	1
genes	57	58	1
genes	72	73	1
genes	25	26	1
genes	94	95	1
genes	78	79	1
genes	101	102	1
genes	137	138	1
genes	140	141	1
genes	180	181	1
genes	59	60	1
genes	199	200	1
genes	152	153	1
genes	181	182	1
genes	90	91	1
genes	45	46	1
genes	228	229	1
genes	244	245	1
genes	240	241	1
genes	292	293	1
genes	274	275	1
genes	97	98	1
genes	270	271	1
genes	305	306	1
genes	211	212	1
genes	232	233	1
genes	297	298	1
genes	10	11	1
genes	150	151	1
genes	1	2	1
genes	3	4	1
genes	209	210	1
genes	160	161	1
genes	300	301	1
genes	87	88	1
genes	329	330	1
genes	220	221	1
genes	316	317	1
genes	104	105	1
genes	330	331	1
genes	325	326	1
genes	175	176	1
genes	171	172	1
genes	50	51	1
genes	51	52	1
genes	60	61	1
genes	53	54	1
genes	64	65	1
genes	119	120	1
genes	289	290	1
genes	132	133	1
genes	170	171	1
genes	271	272	1
genes	256	257	1
genes	312	313	1
genes	306	307	1
genes	276	277	1
genes	99	100	1
genes	237	238	1
genes	117	118	1
genes	183	184	1
genes	103	104	1
genes	44	45	1
genes	157	158	1
genes	158	159	1
genes	190	191	1
genes	188	189	1
genes	153	154	1
genes	131	132	1
genes	179	180	1
genes	38	39	1
genes	79	80	1
genes	264	265	1
genes	172	173	1
genes	241	242	1
genes	242	243	1
genes	42	43	1
genes	213	214	1
genes	63	64	1
genes	130	131	1
genes	155	156	1
genes	156	157	1
genes	268	269	1
genes	62	63	1
genes	250	251	1
genes	9	10	1
genes	19	20	1
genes	8	9	1
genes	229	230	1
genes	31	32	1
genes	168	169	1
genes	54	55	1
genes	66	67	1
genes	89	90	1
genes	141	142	1
genes	13	14	1
genes	112	113	1
genes	15	16	1
genes	302	303	1
genes	275	276	1
genes	252	253	1
genes	255	256	1
genes	251	252	1
genes	238	239	1
genes	217	218	1
genes	253	254	1
genes	212	213	1
genes	315	316	1
genes	204	205	1
genes	248	249	1
genes	207	208	1
genes	121	122	1
genes	18	19	1
genes	135	136	1
genes	265	266	1
genes	28	29	1
genes	95	96	1
genes	84	85	1
genes	328	329	1
genes	116	117	1
genes	81	82	1
genes	33	34	1
genes	295	296	1
genes	299	300	1
