genes	177	178	1
genes	205	206	1
genes	254	255	1
genes	40	41	1
genes	47	48	1
genes	41	42	1
genes	14	15	1
genes	82	83	1
genes	279	280	1
genes	85	86	1
genes	49	50	1
genes	17	18	1
genes	58	59	1
genes	291	292	1
genes	142	143	1
genes	173	174	1
genes	143	144	1
genes	236	237	1
genes	146	147	1
genes	147	148	1
genes	144	145	1
genes	149	150	1
genes	109	110	1
genes	273	274	1
genes	249	250	1
genes	178	179	1
genes	136	137	1
genes	16	17	1
genes	93	94	1
genes	233	234	1
genes	23	24	1
genes	124	125	1
genes	127	128	1
genes	102	103	1
genes	266	267	1
genes	196	197	1
genes	247	248	1
genes	245	246	1
genes	231	232	1
genes	318	319	1
genes	46	47	1
genes	2	3	1
genes	326	327	1
genes	227	228	1
genes	128	129	1
genes	166	167	1
genes	139	140	1
genes	30	31	1
genes	5	6	1
genes	194	195	1
genes	192	193	1
genes	301	302	1
genes	86	87	1
genes	216	217	1
genes	70	71	1
genes	210	211	1
genes	243	244	1
genes	48	49	1
genes	221	222	1
genes	230	231	1
genes	29	30	1
genes	287	288	1
genes	125	126	1
genes	11	12	1
genes	296	297	1
genes	24	25	1
genes	327	328	1
genes	73	74	1
genes	20	21	1
genes	304	305	1
genes	101	102	1
genes	59	60	1
genes	199	200	1
genes	244	245	1
genes	240	241	1
genes	292	293	1
genes	97	98	1
genes	3	4	1
genes	87	88	1
genes	104	105	1
genes	325	326	1
genes	175	176	1
genes	50	51	1
genes	51	52	1
genes	64	65	1
genes	119	120	1
genes	132	133	1
genes	99	100	1
genes	183	184	1
genes	242	243	1
genes	130	131	1
genes	9	10	1
genes	229	230	1
genes	168	169	1
genes	66	67	1
genes	89	90	1
genes	275	276	1
genes	251	252	1
genes	238	239	1
genes	253	254	1
genes	204	205	1
genes	207	208	1
genes	84	85	1
genes	299	300	1
