genes	205	206	1
genes	214	215	1
genes	173	174	1
genes	313	314	1
genes	56	57	1
genes	208	209	1
genes	16	17	1
genes	233	234	1
genes	120	121	1
genes	26	27	1
genes	294	295	1
genes	22	23	1
genes	247	248	1
genes	92	93	1
genes	197	198	1
genes	226	227	1
genes	193	194	1
genes	148	149	1
genes	86	87	1
genes	75	76	1
genes	243	244	1
genes	48	49	1
genes	287	288	1
genes	206	207	1
genes	296	297	1
genes	201	202	1
genes	199	200	1
genes	244	245	1
genes	3	4	1
genes	160	161	1
genes	51	52	1
genes	64	65	1
genes	99	100	1
genes	131	132	1
genes	255	256	1
genes	251	252	1
genes	135	136	1
