genes	74	75	1
genes	262	263	1
genes	14	15	1
genes	49	50	1
genes	55	56	1
genes	110	111	1
genes	174	175	1
genes	291	292	1
genes	236	237	1
genes	146	147	1
genes	147	148	1
genes	109	110	1
genes	249	250	1
genes	91	92	1
genes	178	179	1
genes	136	137	1
genes	16	17	1
genes	233	234	1
genes	120	121	1
genes	333	334	1
genes	124	125	1
genes	22	23	1
genes	269	270	1
genes	247	248	1
genes	37	38	1
genes	245	246	1
genes	258	259	1
genes	46	47	1
genes	326	327	1
genes	197	198	1
genes	332	333	1
genes	61	62	1
genes	200	201	1
genes	227	228	1
genes	282	283	1
genes	225	226	1
genes	226	227	1
genes	314	315	1
genes	34	35	1
genes	30	31	1
genes	76	77	1
genes	267	268	1
genes	193	194	1
genes	189	190	1
genes	86	87	1
genes	67	68	1
genes	210	211	1
genes	221	222	1
genes	230	231	1
genes	163	164	1
genes	11	12	1
genes	69	70	1
genes	259	260	1
genes	206	207	1
genes	107	108	1
genes	224	225	1
genes	223	224	1
genes	222	223	1
genes	327	328	1
genes	73	74	1
genes	72	73	1
genes	25	26	1
genes	94	95	1
genes	101	102	1
genes	137	138	1
genes	180	181	1
genes	59	60	1
genes	199	200	1
genes	152	153	1
genes	90	91	1
genes	244	245	1
genes	292	293	1
genes	274	275	1
genes	97	98	1
genes	270	271	1
genes	211	212	1
genes	87	88	1
genes	329	330	1
genes	220	221	1
genes	104	105	1
genes	330	331	1
genes	325	326	1
genes	51	52	1
genes	289	290	1
genes	312	313	1
genes	276	277	1
genes	131	132	1
genes	38	39	1
genes	242	243	1
genes	8	9	1
genes	31	32	1
genes	89	90	1
genes	13	14	1
genes	15	16	1
genes	302	303	1
genes	275	276	1
genes	315	316	1
genes	204	205	1
genes	121	122	1
genes	18	19	1
genes	265	266	1
genes	84	85	1
genes	328	329	1
genes	33	34	1
